{
    "image": "waifus/waifu-1.png",
    "name": "Lara Sola",
    "code_name": "benavides.angel",
    "age": 13661,
    "race": "Highborn Fiends",
    "current_location": "Passeig Ruvalcaba, 487, 2º D, 28427, Los Benítez",
    "birthday": "05-07",
    "representative_color": "yellow",
    "blood_type": "O+"
}


{
    "image": "waifus/waifu-2.png",
    "name": "Luciana Daniela Briseño Valle Hijo",
    "code_name": "acevedo.juanjos",
    "age": 67566,
    "race": "Elemental Hydra",
    "current_location": "Cl. Isidora Acevedo # 5186 Dpto. 823 Gral. Facundo Esquivel, Cajamarca",
    "birthday": "10-26",
    "representative_color": "gray",
    "blood_type": "A−"
}


{
    "image": "waifus/waifu-3.png",
    "name": "Վեհանձնուհի Համբարձումյան",
    "code_name": "avagyan.armenus",
    "age": 91273,
    "race": "Dark Hagravens",
    "current_location": "Արագածոտնի մարզ, գյուղ Ճամբարակ, Կիևյան 01 փողոց, 0071",
    "birthday": "12-13",
    "representative_color": "purple",
    "blood_type": "A−"
}


{
    "image": "waifus/waifu-4.png",
    "name": "Sienna Khan",
    "code_name": "dylan.turner",
    "age": 48090,
    "race": "Western Fairies",
    "current_location": "704 Parker Stream Harrisport YT3 1WG",
    "birthday": "11-25",
    "representative_color": "maroon",
    "blood_type": "A−"
}


{
    "image": "waifus/waifu-5.png",
    "name": "PhDr. Anabela Růžičková",
    "code_name": "arnold01",
    "age": 21,
    "race": "Dark Hagravens",
    "current_location": "Ernest Harbor 190\\n 112 91\\n Slovenské Nové Mesto",
    "birthday": "08-07",
    "representative_color": "olive",
    "blood_type": "O−"
}


{
    "image": "waifus/waifu-6.png",
    "name": "Laia Urrutia Hijo",
    "code_name": "carrero.erik",
    "age": 9,
    "race": "Human",
    "current_location": "Avenida Lira, 461, Piso 9, Vidal del Valle Edo. Táchira",
    "birthday": "09-23",
    "representative_color": "black",
    "blood_type": "O+"
}


{
    "image": "waifus/waifu-7.png",
    "name": "Yana Van Damme",
    "code_name": "siebe.cools",
    "age": 12,
    "race": "Human",
    "current_location": "chaussée Lemaire 70  9263 Fleurus",
    "birthday": "11-08",
    "representative_color": "maroon",
    "blood_type": "B+"
}


{
    "image": "waifus/waifu-8.png",
    "name": "Emel Topaloğlu",
    "code_name": "korol.gorkem",
    "age": 12,
    "race": "High Elf",
    "current_location": "Toraman Durağı 3 51664 Gümüşhane",
    "birthday": "04-21",
    "representative_color": "mor",
    "blood_type": "O−"
}


{
    "image": "waifus/waifu-9.png",
    "name": "Jimena Robledo Hijo",
    "code_name": "cobo.gabriela",
    "age": 99104,
    "race": "Forest Elf",
    "current_location": "Camino Alma, 3, 81º E, 85947, Regalado Alta",
    "birthday": "09-23",
    "representative_color": "gray",
    "blood_type": "B−"
}


{
    "image": "waifus/waifu-10.png",
    "name": "Nicolette Doyle",
    "code_name": "melba05",
    "age": 42171,
    "race": "High Elf",
    "current_location": "58A/19 Rolfson Street, Sibalom 4569 Basilan",
    "birthday": "04-16",
    "representative_color": "aqua",
    "blood_type": "O+"
}


