{
    "image": "waifus/waifu-1.png",
    "name": "Լալակ Պողոսյան",
    "code_name": "kirakosyan.xaci",
    "age": 98682,
    "race": "Forlorn Hags",
    "current_location": "Շիրակի մարզ, քաղաք Մասիս, Լուկաշին 45 փողոց, 0081",
    "birthday": "05-22",
    "representative_color": "lime",
    "blood_type": "O−"
}


{
    "image": "waifus/waifu-2.png",
    "name": "Amanda Carolina Ojeda Peres Hijo",
    "code_name": "hipolito.posada",
    "age": 30469,
    "race": "Lamia",
    "current_location": "Cl. Eduardo Alcántar # 5 Dpto. 752 San Aarón, Tacna",
    "birthday": "04-28",
    "representative_color": "black",
    "blood_type": "A−"
}


{
    "image": "waifus/waifu-3.png",
    "name": "Thelma Hayes",
    "code_name": "kaylah81",
    "age": 88503,
    "race": "Lost Nymphs",
    "current_location": "610 Cole Hill, Jadonston, Manawatu-Whanganui, 7932",
    "birthday": "09-22",
    "representative_color": "aqua",
    "blood_type": "O−"
}


{
    "image": "waifus/waifu-4.png",
    "name": "Sophie Nabaloga",
    "code_name": "basiimwe",
    "age": 52524,
    "race": "Fire Soul",
    "current_location": "84 Kasumba Street 13604 Kihiihi",
    "birthday": "03-01",
    "representative_color": "teal",
    "blood_type": "O−"
}


